blue,green,red,ndwi,brightness,label,source_file
0.2985202,0.14501706,0.24644478,-0.25909922,0.22999401,0,GSL_2016_05.tif
0.28021973,0.15150645,0.23631836,-0.21868555,0.22268152,0,GSL_2016_05.tif
0.31181392,0.1490927,0.24960928,-0.2521089,0.23683862,0,GSL_2016_05.tif
0.330218,0.15839154,0.2535649,-0.23102716,0.24739146,0,GSL_2016_05.tif
0.3245552,0.15411803,0.24739413,-0.23231144,0.24202244,0,GSL_2016_05.tif
0.29789868,0.14604586,0.25063774,-0.26366508,0.23152743,0,GSL_2016_05.tif
0.29997042,0.15577996,0.2504004,-0.2329512,0.23538359,0,GSL_2016_05.tif
0.31281528,0.16654286,0.25316936,-0.2063945,0.24417584,0,GSL_2016_05.tif
0.3107435,0.15190214,0.24929282,-0.2427509,0.23731284,0,GSL_2016_05.tif
0.30449376,0.1513086,0.24201447,-0.23061357,0.23260562,0,GSL_2016_05.tif
0.29589596,0.1507942,0.25498894,-0.25677383,0.23389304,0,GSL_2016_05.tif
0.2918906,0.14976539,0.24549542,-0.24219398,0.22905047,0,GSL_2016_05.tif
0.29278836,0.1532475,0.24201447,-0.22457696,0.2293501,0,GSL_2016_05.tif
0.27635247,0.1410601,0.23149249,-0.2427366,0.21630168,0,GSL_2016_05.tif
0.27814797,0.145848,0.22789286,-0.21952279,0.21729629,0,GSL_2016_05.tif
0.33360183,0.18007562,0.2697039,-0.19927114,0.2611271,0,GSL_2016_05.tif
0.31785652,0.1625859,0.25364402,-0.21876827,0.24469547,0,GSL_2016_05.tif
0.32662696,0.16416869,0.24173757,-0.19110002,0.24417774,0,GSL_2016_05.tif
0.2871946,0.15237698,0.2365557,-0.21643463,0.22537577,0,GSL_2016_05.tif
0.2755583,0.14355297,0.2268644,-0.22491169,0.21532522,0,GSL_2016_05.tif
0.3416126,0.18434912,0.2711279,-0.19052245,0.26569656,0,GSL_2016_05.tif
0.30887896,0.15443459,0.2530111,-0.2419372,0.2387749,0,GSL_2016_05.tif
0.32427895,0.16472265,0.26274198,-0.22930342,0.25058118,0,GSL_2016_05.tif
0.29109642,0.13963561,0.23386587,-0.2522882,0.22153263,0,GSL_2016_05.tif
0.281152,0.14509618,0.22243409,-0.21042536,0.21622743,0,GSL_2016_05.tif
0.5253858,0.41627872,0.49828276,-0.08966477,0.47998247,0,GSL_2018_04.tif
0.4853927,0.3765353,0.47858876,-0.11934332,0.44683895,0,GSL_2018_04.tif
0.50120646,0.38345268,0.47789273,-0.10964235,0.45418397,0,GSL_2018_04.tif
0.5575637,0.43669543,0.5160524,-0.08329267,0.5034372,0,GSL_2018_04.tif
0.3898862,0.2952458,0.41492102,-0.16851681,0.36668435,0,GSL_2018_04.tif
0.5108562,0.39330468,0.48747358,-0.10691544,0.46387815,0,GSL_2018_04.tif
0.47537607,0.3733072,0.46458596,-0.1089383,0.4377564,0,GSL_2018_04.tif
0.42441237,0.3231668,0.43621182,-0.14886498,0.39459696,0,GSL_2018_04.tif
0.2940128,0.20653585,0.35845938,-0.268893,0.28633603,0,GSL_2018_04.tif
0.28707823,0.20561352,0.35927826,-0.27202457,0.28399003,0,GSL_2018_04.tif
0.36556014,0.27424216,0.3974789,-0.18346389,0.34576043,0,GSL_2018_04.tif
0.30619422,0.22074787,0.3698827,-0.2525006,0.2989416,0,GSL_2018_04.tif
0.41124034,0.30786476,0.42446092,-0.15921332,0.38118866,0,GSL_2018_04.tif
0.5355125,0.41782987,0.5016811,-0.091191,0.48500785,0,GSL_2018_04.tif
0.44550967,0.34421235,0.45283505,-0.13628119,0.41418567,0,GSL_2018_04.tif
0.4206699,0.3245922,0.4369488,-0.14753829,0.3940703,0,GSL_2018_04.tif
0.42111018,0.32580796,0.4383409,-0.14726554,0.39508632,0,GSL_2018_04.tif
0.40067336,0.30731973,0.42319167,-0.15861733,0.3770616,0,GSL_2018_04.tif
0.4825308,0.37116912,0.46597803,-0.113252245,0.43989265,0,GSL_2018_04.tif
0.4753027,0.36861178,0.4673292,-0.11809124,0.43708122,0,GSL_2018_04.tif
0.49970216,0.3879804,0.47465816,-0.10047969,0.45411357,0,GSL_2018_04.tif
0.538301,0.42956844,0.5049157,-0.08062972,0.49092838,0,GSL_2018_04.tif
0.49603307,0.39091504,0.47776988,-0.09998418,0.454906,0,GSL_2018_04.tif
0.39384884,0.29750967,0.4176233,-0.16795963,0.36966062,0,GSL_2018_04.tif
0.41472596,0.31251824,0.42663094,-0.15438364,0.38462505,0,GSL_2018_04.tif
0.13764705,0.07522353,0.11450049,-0.20702048,0.109123684,0,GSL_2016_01.tif
0.13764705,0.07522353,0.11450049,-0.20702048,0.109123684,0,GSL_2016_01.tif
0.11341116,0.059358794,0.10300227,-0.26880342,0.09192407,0,GSL_2016_01.tif
0.12057125,0.050876416,0.09769882,-0.3151406,0.0897155,0,GSL_2016_01.tif
0.114834145,0.051169753,0.100060865,-0.32328632,0.088688254,0,GSL_2016_01.tif
0.13080317,0.06991899,0.10772634,-0.21282373,0.102816164,0,GSL_2016_01.tif
0.13757929,0.079696946,0.10266802,-0.1259614,0.10664809,0,GSL_2016_01.tif
0.14306794,0.08781265,0.10518604,-0.09001772,0.1120222,0,GSL_2016_01.tif
0.25189227,0.18576333,0.20153935,-0.04073295,0.21306498,0,GSL_2016_01.tif
0.20902207,0.14264254,0.17043176,-0.0887621,0.17403214,0,GSL_2016_01.tif
0.11788339,0.055472057,0.09134807,-0.24435182,0.08823451,0,GSL_2016_01.tif
0.11880946,0.04914083,0.1018881,-0.34925044,0.08994613,0,GSL_2016_01.tif
0.17771645,0.09825062,0.13165869,-0.14530914,0.13587524,0,GSL_2016_01.tif
0.23334831,0.15936285,0.1819077,-0.0660613,0.19153963,0,GSL_2016_01.tif
0.18523793,0.13692243,0.12564218,0.042961657,0.14926751,0,GSL_2016_01.tif
0.22993767,0.15308051,0.17395253,-0.06382218,0.1856569,0,GSL_2016_01.tif
0.2387918,0.1622229,0.18161802,-0.05640706,0.1942109,0,GSL_2016_01.tif
0.21744704,0.14406034,0.16713382,-0.07414471,0.17621374,0,GSL_2016_01.tif
0.16341886,0.0978595,0.13702898,-0.16675705,0.13276911,0,GSL_2016_01.tif
0.11085882,0.060947713,0.11162593,-0.29365972,0.09447748,0,GSL_2016_01.tif
0.25785524,0.17891876,0.19015256,-0.030437915,0.20897551,0,GSL_2016_01.tif
0.23364195,0.15664947,0.17785212,-0.06338561,0.18938118,0,GSL_2016_01.tif
0.17871028,0.11189087,0.14950767,-0.14390539,0.14670295,0,GSL_2016_01.tif
0.28507262,0.20639482,0.21263649,-0.014895424,0.23470132,0,GSL_2016_01.tif
0.27323702,0.19233902,0.20180675,-0.024020836,0.22246094,0,GSL_2016_01.tif
0.009800568,0.0,0.0,0.0,0.003266856,1,GSL_1991_04.tif
0.009800568,0.0,0.0,0.0,0.003266856,1,GSL_1991_04.tif
0.04486509,0.061847355,0.0,0.99998385,0.035570815,1,GSL_1991_04.tif
0.046550114,0.06356247,0.0,0.99998426,0.036704194,1,GSL_1991_04.tif
0.046550114,0.06356247,0.0,0.99998426,0.036704194,1,GSL_1991_04.tif
0.04374174,0.061942637,0.0,0.9999839,0.035228126,1,GSL_1991_04.tif
0.02733283,0.025925322,0.0,0.99996144,0.017752716,1,GSL_1991_04.tif
0.008757459,0.0,0.0,0.0,0.002919153,1,GSL_1991_04.tif
0.04887705,0.0716616,0.0057216217,0.85211146,0.042086754,1,GSL_1991_04.tif
0.052889008,0.0716616,0.009358127,0.7689819,0.044636246,1,GSL_1991_04.tif
0.050241116,0.08185697,0.007432918,0.83350116,0.046510335,1,GSL_1991_04.tif
0.048235137,0.07623523,0.0048659733,0.8799916,0.043112114,1,GSL_1991_04.tif
0.044383656,0.07251915,0.0015503359,0.95812535,0.03948438,1,GSL_1991_04.tif
0.049198005,0.079189025,0.0059355334,0.8605346,0.04477419,1,GSL_1991_04.tif
0.04975968,0.08261925,0.0061494457,0.86144036,0.046176124,1,GSL_1991_04.tif
0.041414805,0.066992685,0.0,0.9999851,0.03613583,1,GSL_1991_04.tif
0.043260306,0.080332436,0.008074654,0.8173209,0.043889135,1,GSL_1991_04.tif
0.04867645,0.081094705,0.0058820555,0.8647343,0.045217738,1,GSL_1991_04.tif
0.048395615,0.080332436,0.004438149,0.8952799,0.04438873,1,GSL_1991_04.tif
0.04887705,0.07604466,0.011818116,0.7309786,0.04557994,1,GSL_1991_04.tif
0.046630353,0.07575881,0.004010325,0.8994404,0.042133164,1,GSL_1991_04.tif
0.053290203,0.080332436,0.00818161,0.81512505,0.04726808,1,GSL_1991_04.tif
0.051123746,0.08261925,0.010213776,0.77994543,0.047985595,1,GSL_1991_04.tif
0.052247096,0.08328623,0.016203314,0.67426425,0.05057888,1,GSL_1991_04.tif
0.05577762,0.06975592,0.016952006,0.608979,0.047495183,1,GSL_1991_04.tif
0.09635351,0.22979218,0.092045516,0.42799905,0.13939707,1,GSL_1986_11.tif
0.09141099,0.2272177,0.089482725,0.4349048,0.13603714,1,GSL_1986_11.tif
0.09141099,0.2272177,0.089482725,0.4349048,0.13603714,1,GSL_1986_11.tif
0.08420126,0.21043001,0.08478428,0.4256071,0.12647186,1,GSL_1986_11.tif
0.08025632,0.21198542,0.08277065,0.4383771,0.12500413,1,GSL_1986_11.tif
0.115398064,0.2626703,0.10992403,0.40995216,0.16266413,1,GSL_1986_11.tif
0.115398064,0.2626703,0.10992403,0.40995216,0.16266413,1,GSL_1986_11.tif
0.11440049,0.23617472,0.11212071,0.35617363,0.15423197,1,GSL_1986_11.tif
0.106646635,0.22544776,0.11108339,0.33983192,0.14772592,1,GSL_1986_11.tif
0.09916484,0.23038216,0.10382215,0.37868935,0.14445639,1,GSL_1986_11.tif
0.10759886,0.24545355,0.10607985,0.39647242,0.15304409,1,GSL_1986_11.tif
0.10759886,0.24545355,0.10607985,0.39647242,0.15304409,1,GSL_1986_11.tif
0.10329117,0.23740833,0.10455438,0.38850307,0.14841795,1,GSL_1986_11.tif
0.10950332,0.22855859,0.10546966,0.36849743,0.14784385,1,GSL_1986_11.tif
0.11462721,0.23140122,0.115049616,0.33583772,0.15369268,1,GSL_1986_11.tif
0.11956973,0.2478671,0.11858871,0.35277933,0.16200851,1,GSL_1986_11.tif
0.12927338,0.26497662,0.1263381,0.35428816,0.17352937,1,GSL_1986_11.tif
0.12555516,0.28036982,0.1156598,0.4159022,0.17386158,1,GSL_1986_11.tif
0.11825475,0.25843316,0.10778838,0.41134763,0.1614921,1,GSL_1986_11.tif
0.11313085,0.2379983,0.113341086,0.35480466,0.15482342,1,GSL_1986_11.tif
0.15321511,0.30321825,0.14793876,0.34417984,0.20145738,1,GSL_1986_11.tif
0.144373,0.29528028,0.13701639,0.36609933,0.19222324,1,GSL_1986_11.tif
0.13457866,0.28171068,0.13573499,0.34968704,0.1840081,1,GSL_1986_11.tif
0.12605394,0.26937467,0.12591097,0.36293587,0.17377986,1,GSL_1986_11.tif
0.11607823,0.263743,0.12115149,0.37046814,0.16699092,1,GSL_1986_11.tif
0.6221058,0.5568473,0.5357423,0.019316468,0.57156515,0,GSL_1991_04.tif
0.6866181,0.62959653,0.58986205,0.032583684,0.63535887,0,GSL_1991_04.tif
0.7554633,0.69982076,0.64777875,0.038618278,0.70102096,0,GSL_1991_04.tif
0.85267305,0.8042996,0.73184615,0.047165707,0.79627293,0,GSL_1991_04.tif
0.8580892,0.8076345,0.74013525,0.043610606,0.801953,0,GSL_1991_04.tif
0.59378135,0.5390768,0.5222658,0.01583937,0.551708,0,GSL_1991_04.tif
0.6157669,0.5469377,0.52884364,0.016819447,0.5638494,0,GSL_1991_04.tif
0.83317494,0.7777153,0.72029495,0.03833107,0.77706176,0,GSL_1991_04.tif
0.91144824,0.86914027,0.7933994,0.045557305,0.857996,0,GSL_1991_04.tif
0.7780506,0.72073555,0.66970474,0.03670117,0.7228303,0,GSL_1991_04.tif
0.49773502,0.43183476,0.43573838,-0.004499474,0.4551027,0,GSL_1991_04.tif
0.481286,0.40629867,0.40680677,-0.0006248872,0.4314638,0,GSL_1991_04.tif
0.6598583,0.59877217,0.5674013,0.026900675,0.6086772,0,GSL_1991_04.tif
0.68128216,0.62487996,0.59371245,0.025576627,0.63329154,0,GSL_1991_04.tif
0.60686034,0.5350749,0.5203406,0.01396062,0.55409193,0,GSL_1991_04.tif
0.6877815,0.6380768,0.61932844,0.014910331,0.6483956,0,GSL_1991_04.tif
0.8532748,0.8109694,0.94046396,-0.07393628,0.86823606,0,GSL_1991_04.tif
0.98863834,0.9599935,0.88853675,0.038655948,0.9457229,0,GSL_1991_04.tif
0.97311205,0.922404,0.84784,0.042120714,0.914452,0,GSL_1991_04.tif
0.93190926,0.8784304,0.81291884,0.038733304,0.8744195,0,GSL_1991_04.tif
0.9538547,0.9198313,0.8678943,0.029051974,0.9138601,0,GSL_1991_04.tif
0.99345267,0.96790206,0.93281657,0.018459061,0.96472377,0,GSL_1991_04.tif
1.0,1.0,0.9657056,0.017446361,0.98856854,0,GSL_1991_04.tif
1.0,1.0,0.9641012,0.018277463,0.9880338,0,GSL_1991_04.tif
1.0,1.0,0.9430309,0.029319698,0.98101026,0,GSL_1991_04.tif
0.006016727,0.064101875,0.0010447672,0.9679109,0.023721121,1,GSL_2005_12.tif
0.00012831479,0.054054495,0.0007762729,0.9716671,0.018319694,1,GSL_2005_12.tif
0.000785904,0.054125004,0.0030776525,0.8923792,0.01932952,1,GSL_2005_12.tif
0.00018809563,0.029940775,0.0,0.9999666,0.010042957,1,GSL_2005_12.tif
0.25158352,0.16487628,0.26041046,-0.2246342,0.22562341,0,GSL_2014_05.tif
0.24147084,0.15059383,0.25060403,-0.24927838,0.21422291,0,GSL_2014_05.tif
0.24545662,0.15235521,0.2515617,-0.24561054,0.21645784,0,GSL_2014_05.tif
0.30389276,0.20944671,0.29714617,-0.17311591,0.27016187,0,GSL_2014_05.tif
0.34655046,0.2546681,0.3325412,-0.13261537,0.31125325,0,GSL_2014_05.tif
0.29457062,0.19941454,0.28730145,-0.18057089,0.26042888,0,GSL_2014_05.tif
0.32151583,0.22468643,0.3083316,-0.15692718,0.28484464,0,GSL_2014_05.tif
0.32477692,0.22794114,0.31342635,-0.15790577,0.2887148,0,GSL_2014_05.tif
0.31314898,0.21250997,0.2972994,-0.16631564,0.27431944,0,GSL_2014_05.tif
0.2516494,0.16368927,0.25876328,-0.22505197,0.22470064,0,GSL_2014_05.tif
0.29914933,0.19838068,0.2900212,-0.18763307,0.26251706,0,GSL_2014_05.tif
0.2614656,0.16882023,0.26362818,-0.21923478,0.23130469,0,GSL_2014_05.tif
0.21613973,0.12892127,0.23263839,-0.2868595,0.19256647,0,GSL_2014_05.tif
0.22941469,0.14167209,0.23922707,-0.25611693,0.20343794,0,GSL_2014_05.tif
0.24525897,0.15809882,0.25596693,-0.2363583,0.2197749,0,GSL_2014_05.tif
0.32161465,0.20810653,0.2954607,-0.17347038,0.27506062,0,GSL_2014_05.tif
0.3111396,0.20959987,0.29584375,-0.17062972,0.27219442,0,GSL_2014_05.tif
0.30801028,0.20014206,0.29270265,-0.18780845,0.26695165,0,GSL_2014_05.tif
0.3183865,0.21404159,0.30013406,-0.16743754,0.27752072,0,GSL_2014_05.tif
0.25945625,0.1598602,0.25864837,-0.23604758,0.22598827,0,GSL_2014_05.tif
0.29424125,0.19573863,0.28768453,-0.19019715,0.25922146,0,GSL_2014_05.tif
0.2997752,0.19864872,0.28917846,-0.1855771,0.26253414,0,GSL_2014_05.tif
0.2567222,0.16464654,0.2619044,-0.2280094,0.2277577,0,GSL_2014_05.tif
0.23804505,0.15534188,0.2522895,-0.237831,0.21522547,0,GSL_2014_05.tif
0.20365535,0.11528976,0.22202756,-0.31643045,0.18032421,0,GSL_2014_05.tif
0.32211447,0.21117781,0.17527492,0.09290345,0.23618907,0,GSL_1989_11.tif
0.31912425,0.21528149,0.20625381,0.021416126,0.24688654,0,GSL_1989_11.tif
0.34940988,0.23160698,0.19919811,0.07522842,0.26007167,0,GSL_1989_11.tif
0.53461236,0.45244712,0.41847572,0.039006166,0.46851173,0,GSL_1989_11.tif
0.6126267,0.512218,0.4708973,0.04203034,0.531914,0,GSL_1989_11.tif
0.26967046,0.17709948,0.1459497,0.09642395,0.19757323,0,GSL_1989_11.tif
0.32870832,0.22197227,0.1769286,0.11291919,0.24253638,0,GSL_1989_11.tif
0.481785,0.41265932,0.38121286,0.039611436,0.42521906,0,GSL_1989_11.tif
0.39142644,0.280405,0.22323155,0.11352103,0.29835436,0,GSL_1989_11.tif
0.43045273,0.31519705,0.25762805,0.10049996,0.33442593,0,GSL_1989_11.tif
0.26890373,0.19958048,0.20151326,-0.0048187743,0.22333248,0,GSL_1989_11.tif
0.28439158,0.2300012,0.24517034,-0.031923443,0.2531877,0,GSL_1989_11.tif
0.46369028,0.40271235,0.40293115,-0.00027159453,0.4231113,0,GSL_1989_11.tif
0.5801175,0.48460743,0.47321242,0.011896805,0.5126458,0,GSL_1989_11.tif
0.56393963,0.4758648,0.45320293,0.024392022,0.49766913,0,GSL_1989_11.tif
0.2866151,0.23740564,0.25421044,-0.0341827,0.25941038,0,GSL_1989_11.tif
0.3948767,0.30627602,0.29500115,0.018751511,0.33205128,0,GSL_1989_11.tif
0.32633147,0.2612248,0.26325056,-0.00386243,0.28360227,0,GSL_1989_11.tif
0.41979527,0.30734652,0.29456016,0.021243056,0.34056732,0,GSL_1989_11.tif
0.3998604,0.30047733,0.2721804,0.04941323,0.3241727,0,GSL_1989_11.tif
0.25931966,0.22518383,0.24020931,-0.032285497,0.24157093,0,GSL_1989_11.tif
0.4350531,0.3043134,0.26788086,0.06367151,0.33574912,0,GSL_1989_11.tif
0.41281807,0.29262683,0.24450888,0.08958231,0.31665125,0,GSL_1989_11.tif
0.50957876,0.391115,0.3176014,0.10372766,0.40609837,0,GSL_1989_11.tif
0.33476543,0.25373113,0.2548719,-0.0022429498,0.28112283,0,GSL_1989_11.tif
0.17720257,0.16906992,0.13102597,0.12677221,0.15909947,1,GSL_2000_12.tif
0.18235028,0.17113286,0.13149078,0.13099423,0.16165797,1,GSL_2000_12.tif
0.18691096,0.16718307,0.13459769,0.107976645,0.16289724,1,GSL_2000_12.tif
0.18505959,0.16491885,0.13259165,0.108658664,0.16085671,1,GSL_2000_12.tif
0.1811988,0.16675538,0.13178435,0.11713988,0.15991284,1,GSL_2000_12.tif
0.17399654,0.16718307,0.13009635,0.12475333,0.15709199,1,GSL_2000_12.tif
0.17074534,0.16481821,0.12960707,0.1195924,0.15505688,1,GSL_2000_12.tif
0.17575759,0.1657239,0.13009635,0.1204361,0.1571926,1,GSL_2000_12.tif
0.17634462,0.16539685,0.12879977,0.12439627,0.15684707,1,GSL_2000_12.tif
0.18609816,0.17027749,0.13792476,0.10497205,0.1647668,1,GSL_2000_12.tif
0.17115174,0.16376159,0.12970492,0.11604917,0.15487276,1,GSL_2000_12.tif
0.17097113,0.16486853,0.12853067,0.12385085,0.15479012,1,GSL_2000_12.tif
0.17115174,0.16552263,0.12887315,0.12449007,0.15518253,1,GSL_2000_12.tif
0.18149231,0.16625223,0.12994957,0.122560136,0.15923136,1,GSL_2000_12.tif
0.17720257,0.16713275,0.13224916,0.1165183,0.1588615,1,GSL_2000_12.tif
0.17142268,0.16340937,0.12857959,0.11928416,0.15447055,1,GSL_2000_12.tif
0.17749608,0.16635285,0.12946029,0.12471534,0.15776974,1,GSL_2000_12.tif
0.17476417,0.1660258,0.13056116,0.11957546,0.15711705,1,GSL_2000_12.tif
0.17575759,0.16753528,0.13327664,0.11388684,0.1588565,1,GSL_2000_12.tif
0.18140201,0.16962339,0.1310015,0.12847158,0.16067564,1,GSL_2000_12.tif
0.17465128,0.1623779,0.13136846,0.10556498,0.15613253,1,GSL_2000_12.tif
0.17196454,0.16240305,0.13420627,0.09506339,0.15619129,1,GSL_2000_12.tif
0.16577826,0.16451631,0.12848175,0.12298526,0.15292545,1,GSL_2000_12.tif
0.16785541,0.16376159,0.12720962,0.12562013,0.15294221,1,GSL_2000_12.tif
0.17598337,0.16441569,0.12530145,0.13500789,0.1552335,1,GSL_2000_12.tif
0.05768223,0.0038246294,0.0,0.9997386,0.020502286,0,GSL_2012_05.tif
0.055679463,0.0,0.0,0.0,0.018559821,0,GSL_2012_05.tif
0.043628313,0.00270387,0.0,0.9996303,0.015444062,0,GSL_2012_05.tif
0.06255104,0.013751356,0.0,0.9999273,0.02543413,0,GSL_2012_05.tif
0.066970944,0.014792061,0.0,0.9999324,0.027254336,0,GSL_2012_05.tif
0.056542724,0.0,0.0,0.0,0.018847575,0,GSL_2012_05.tif
0.0920401,0.025359223,0.016547933,0.21025239,0.044649083,0,GSL_2012_05.tif
0.098531835,0.033724893,0.0026954392,0.8519583,0.044984054,0,GSL_2012_05.tif
0.057958476,0.00562585,0.0,0.9998223,0.021194777,0,GSL_2012_05.tif
0.076087,0.0053456603,0.0,0.999813,0.027144218,0,GSL_2012_05.tif
0.061376996,0.0,0.0,0.0,0.020458998,0,GSL_2012_05.tif
0.10702634,0.055299513,0.025906473,0.36195213,0.06274411,0,GSL_2012_05.tif
0.07145991,0.034805622,0.0,0.99997133,0.035421845,0,GSL_2012_05.tif
0.051881105,0.0,0.0,0.0,0.017293701,0,GSL_2012_05.tif
0.055368688,0.0023436258,0.0,0.99957347,0.019237438,0,GSL_2012_05.tif
0.12981649,0.06034293,0.0069114156,0.7944575,0.06569028,0,GSL_2012_05.tif
0.13099052,0.05433886,0.015065392,0.56585735,0.06679826,0,GSL_2012_05.tif
0.059857655,0.0038246294,0.0,0.9997386,0.021227429,0,GSL_2012_05.tif
0.029608922,0.0,0.0,0.0,0.009869641,0,GSL_2012_05.tif
0.02878019,0.0,0.0,0.0,0.009593396,0,GSL_2012_05.tif
0.1487392,0.078915514,0.052592214,0.2001639,0.09341564,0,GSL_2012_05.tif
0.10087991,0.029522043,0.010988403,0.45749146,0.04713012,0,GSL_2012_05.tif
0.06213667,0.016873471,0.011451698,0.1914051,0.030153945,0,GSL_2012_05.tif
0.14418118,0.05377848,0.03396779,0.22576989,0.077309154,0,GSL_2012_05.tif
0.12574188,0.05658038,0.022153791,0.43724537,0.068158686,0,GSL_2012_05.tif
0.1199103,0.0073668594,0.020690791,-0.47486004,0.04932265,0,GSL_2008_07.tif
0.14715657,0.025666922,0.02733655,-0.031499766,0.06672002,0,GSL_2008_07.tif
0.17818525,0.055303305,0.04982989,0.05206124,0.094439484,0,GSL_2008_07.tif
0.18850678,0.06615379,0.06488741,0.009663873,0.106515996,0,GSL_2008_07.tif
0.13664271,0.03020145,0.028730767,0.02495508,0.06519164,0,GSL_2008_07.tif
0.115294464,0.005585437,0.021202004,-0.5829591,0.047360633,0,GSL_2008_07.tif
0.12689817,0.01109165,0.02733655,-0.42272282,0.05510879,0,GSL_2008_07.tif
0.20174526,0.08781426,0.08157153,0.036854878,0.12371036,0,GSL_2008_07.tif
0.18767336,0.067287415,0.06144835,0.04535662,0.1054697,0,GSL_2008_07.tif
0.15920903,0.046882037,0.05150295,-0.04696719,0.08586467,0,GSL_2008_07.tif
0.11071068,0.029108305,0.033935837,-0.076572634,0.057918277,0,GSL_2008_07.tif
0.09490784,0.013399402,0.016322251,-0.09833744,0.041543167,0,GSL_2008_07.tif
0.122474656,0.03408819,0.035330053,-0.017889315,0.0639643,0,GSL_2008_07.tif
0.17283216,0.095304325,0.086079486,0.05085784,0.118071996,0,GSL_2008_07.tif
0.13760434,0.07603258,0.075344026,0.004548578,0.096326984,0,GSL_2008_07.tif
0.064295866,0.0,0.0,0.0,0.021431955,0,GSL_2008_07.tif
0.06811034,0.0,0.0,0.0,0.022703446,0,GSL_2008_07.tif
0.061314803,0.0,0.0,0.0,0.020438267,0,GSL_2008_07.tif
0.07593162,0.0,0.0,0.0,0.02531054,0,GSL_2008_07.tif
0.08397728,0.0,0.0,0.0,0.027992427,0,GSL_2008_07.tif
0.052788325,0.0,0.0,0.0,0.017596109,0,GSL_2008_07.tif
0.05471159,0.0,0.0,0.0,0.018237198,0,GSL_2008_07.tif
0.06028906,0.0,0.0,0.0,0.020096352,0,GSL_2008_07.tif
0.07830365,0.0,0.0,0.0,0.026101217,0,GSL_2008_07.tif
0.071604274,0.0,0.0,0.0,0.023868091,0,GSL_2008_07.tif
0.6025672,0.5675523,0.5859959,-0.015988555,0.5853718,0,GSL_2008_10.tif
0.62628114,0.5901107,0.6067199,-0.013877635,0.6077039,0,GSL_2008_10.tif
0.63970584,0.5970662,0.6066768,-0.007983918,0.61448294,0,GSL_2008_10.tif
0.6434806,0.58902043,0.59108,-0.0017452559,0.6078603,0,GSL_2008_10.tif
0.6520347,0.60045,0.6011188,-0.00055662496,0.6178679,0,GSL_2008_10.tif
0.60579395,0.5642061,0.57436293,-0.008920672,0.58145434,0,GSL_2008_10.tif
0.5970877,0.5581906,0.57556933,-0.015328405,0.5769492,0,GSL_2008_10.tif
0.62302387,0.58593744,0.6018513,-0.013397864,0.6036042,0,GSL_2008_10.tif
0.65565723,0.61150366,0.64821094,-0.029139342,0.6384573,0,GSL_2008_10.tif
0.6611367,0.61409783,0.6356301,-0.017229527,0.63695484,0,GSL_2008_10.tif
0.60902077,0.57138723,0.5879778,-0.014310058,0.589462,0,GSL_2008_10.tif
0.5921562,0.5545812,0.57453525,-0.017672231,0.5737576,0,GSL_2008_10.tif
0.6136479,0.5780796,0.59676725,-0.015906457,0.59616494,0,GSL_2008_10.tif
0.63879263,0.6007508,0.610813,-0.008305142,0.61678547,0,GSL_2008_10.tif
0.6393101,0.5988333,0.6087018,-0.008172428,0.61561507,0,GSL_2008_10.tif
0.61800104,0.59157705,0.61852527,-0.02226935,0.6093678,0,GSL_2008_10.tif
0.60558087,0.5727031,0.6040917,-0.026672922,0.5941252,0,GSL_2008_10.tif
0.61443937,0.57698923,0.59405285,-0.014571299,0.5951605,0,GSL_2008_10.tif
0.60393703,0.56251425,0.57587093,-0.011733001,0.58077407,0,GSL_2008_10.tif
0.6056113,0.5734927,0.59517306,-0.018551359,0.5914257,0,GSL_2008_10.tif
0.62314564,0.6184968,0.66087794,-0.033126444,0.63417345,0,GSL_2008_10.tif
0.6254592,0.59834456,0.6221013,-0.01946561,0.61530167,0,GSL_2008_10.tif
0.62600714,0.59868294,0.6189561,-0.016649544,0.6145487,0,GSL_2008_10.tif
0.61443937,0.5930057,0.6587237,-0.052501716,0.6220563,0,GSL_2008_10.tif
0.590147,0.552551,0.5664353,-0.012407922,0.5697111,0,GSL_2008_10.tif
0.698718,0.66717714,0.7022171,-0.025587909,0.6893708,0,GSL_2008_05.tif
0.6901286,0.6575376,0.6908799,-0.024726968,0.67951536,0,GSL_2008_05.tif
0.6748906,0.64251256,0.6779303,-0.026822599,0.6651111,0,GSL_2008_05.tif
0.66198856,0.63966143,0.6770233,-0.028375687,0.65955776,0,GSL_2008_05.tif
0.66932005,0.64002347,0.6896202,-0.037300736,0.6663213,0,GSL_2008_05.tif
0.70507914,0.6728794,0.7014109,-0.020760879,0.6931231,0,GSL_2008_05.tif
0.69684917,0.6653669,0.697783,-0.023780277,0.6866663,0,GSL_2008_05.tif
0.69145834,0.6564967,0.689721,-0.024679711,0.67922527,0,GSL_2008_05.tif
0.67291397,0.6386658,0.6980853,-0.04445066,0.6698883,0,GSL_2008_05.tif
0.67291397,0.6386658,0.6980853,-0.04445066,0.6698883,0,GSL_2008_05.tif
0.70619327,0.67799336,0.71642643,-0.027562035,0.7002044,0,GSL_2008_05.tif
0.7092121,0.67831016,0.7110853,-0.023589497,0.69953585,0,GSL_2008_05.tif
0.74489933,0.72868025,0.77437216,-0.03039939,0.7493172,0,GSL_2008_05.tif
0.7858696,0.7764255,0.82294583,-0.029086633,0.79508036,0,GSL_2008_05.tif
0.6870738,0.6874519,0.75703883,-0.048173994,0.7105215,0,GSL_2008_05.tif
0.91798055,0.90133244,0.91797686,-0.009148752,0.91243,0,GSL_2008_05.tif
0.79992163,0.7829876,0.81135666,-0.017793555,0.7980886,0,GSL_2008_05.tif
0.8517813,0.8439929,0.8794807,-0.020590864,0.8584183,0,GSL_2008_05.tif
0.8357526,0.82389915,0.85650396,-0.01940296,0.8387186,0,GSL_2008_05.tif
0.7886009,0.7852052,0.8462249,-0.03740257,0.80667704,0,GSL_2008_05.tif
1.0,1.0,1.0,0.0,1.0,0,GSL_2008_05.tif
0.9274325,0.9210641,0.9551126,-0.018147802,0.9345364,0,GSL_2008_05.tif
0.98299384,0.98170733,0.9975893,-0.008024036,0.98743016,0,GSL_2008_05.tif
0.86263484,0.84942365,0.88225204,-0.018957576,0.8647702,0,GSL_2008_05.tif
0.91399133,0.91495454,0.9540544,-0.020920098,0.92766684,0,GSL_2008_05.tif
0.16510136,0.32209277,0.31736717,0.007389982,0.2681871,1,GSL_1986_08.tif
0.17395462,0.3327796,0.33655676,-0.0056431578,0.28109697,1,GSL_1986_08.tif
0.17382048,0.3327796,0.33655676,-0.0056431578,0.28105226,1,GSL_1986_08.tif
0.16697933,0.32312348,0.3333476,-0.0155743165,0.27448347,1,GSL_1986_08.tif
0.15700825,0.32013986,0.33282363,-0.019424913,0.2699906,1,GSL_1986_08.tif
0.15374416,0.30934456,0.31199667,-0.0042683543,0.2583618,1,GSL_1986_08.tif
0.1565611,0.31406412,0.31559882,-0.0024373324,0.26207468,1,GSL_1986_08.tif
0.154862,0.31411836,0.31559882,-0.0023509883,0.26152638,1,GSL_1986_08.tif
0.16009347,0.31493208,0.32535738,-0.016282141,0.2667943,1,GSL_1986_08.tif
0.14752899,0.29507738,0.30204165,-0.011663092,0.24821602,1,GSL_1986_08.tif
0.1518662,0.30364853,0.3248989,-0.033808637,0.2601379,1,GSL_1986_08.tif
0.1532076,0.30364853,0.32673272,-0.036619358,0.2611963,1,GSL_1986_08.tif
0.14860211,0.29892898,0.29955292,-0.0010425384,0.24902801,1,GSL_1986_08.tif
0.15302874,0.30842233,0.3209693,-0.019935068,0.2608068,1,GSL_1986_08.tif
0.13755791,0.304625,0.3107523,-0.009956961,0.2509784,1,GSL_1986_08.tif
0.14006186,0.2820579,0.31337205,-0.052590705,0.24516393,1,GSL_1986_08.tif
0.14006186,0.2779351,0.30328605,-0.043616645,0.24042766,1,GSL_1986_08.tif
0.13451739,0.279888,0.3059058,-0.0444145,0.24010372,1,GSL_1986_08.tif
0.1385416,0.29182252,0.30629873,-0.024202758,0.24555428,1,GSL_1986_08.tif
0.13228172,0.28585526,0.28494784,0.0015897242,0.2343616,1,GSL_1986_08.tif
0.118778266,0.25048572,0.29084226,-0.074550875,0.22003542,1,GSL_1986_08.tif
0.11126641,0.24657987,0.28154218,-0.06620107,0.2131295,1,GSL_1986_08.tif
0.10545367,0.24554917,0.27774355,-0.06152257,0.20958214,1,GSL_1986_08.tif
0.10169774,0.22965457,0.26045325,-0.06284051,0.19726853,1,GSL_1986_08.tif
0.09771825,0.22363307,0.24283549,-0.04116544,0.18806227,1,GSL_1986_08.tif
0.66677725,0.6315277,0.6614267,-0.023124542,0.6532439,0,GSL_2017_11.tif
0.6790165,0.64322245,0.69369715,-0.037754454,0.67197865,0,GSL_2017_11.tif
0.6899709,0.66215146,0.68220633,-0.014917802,0.6781096,0,GSL_2017_11.tif
0.68425703,0.6613268,0.73725826,-0.05429157,0.6942807,0,GSL_2017_11.tif
0.6686706,0.6391743,0.6870509,-0.036099873,0.6649652,0,GSL_2017_11.tif
0.6936224,0.6335893,0.6202278,0.01065666,0.6491465,0,GSL_2017_11.tif
0.69450146,0.6129361,0.62923634,-0.013122371,0.64555794,0,GSL_2017_11.tif
0.6922362,0.600979,0.5767868,0.0205407,0.623334,0,GSL_2017_11.tif
0.6897343,0.59074605,0.5582093,0.028318522,0.6128965,0,GSL_2017_11.tif
0.67492545,0.6126737,0.62311053,-0.008445507,0.6369032,0,GSL_2017_11.tif
0.69172907,0.619908,0.63159853,-0.00934118,0.6477452,0,GSL_2017_11.tif
0.6824651,0.6080258,0.6282754,-0.016379172,0.6395888,0,GSL_2017_11.tif
0.6831075,0.5826872,0.5553666,0.024006423,0.60705376,0,GSL_2017_11.tif
0.6902414,0.5975305,0.5794293,0.015379575,0.62240034,0,GSL_2017_11.tif
0.69889677,0.6046898,0.6133814,-0.007135545,0.6389893,0,GSL_2017_11.tif
0.69003856,0.6236188,0.6403268,-0.013218926,0.651328,0,GSL_2017_11.tif
0.7149904,0.6437847,0.65870416,-0.01145457,0.67249304,0,GSL_2017_11.tif
0.66998917,0.57717717,0.5796295,-0.0021198976,0.60893196,0,GSL_2017_11.tif
0.7039345,0.60723865,0.5847143,0.018897003,0.6319625,0,GSL_2017_11.tif
0.6860151,0.6235813,0.64016664,-0.013123929,0.649921,0,GSL_2017_11.tif
0.6993025,0.62762946,0.64272904,-0.011886072,0.6565537,0,GSL_2017_11.tif
0.6880099,0.6166844,0.6359226,-0.015358544,0.6468723,0,GSL_2017_11.tif
0.69717246,0.6258678,0.6390456,-0.0104179485,0.6540286,0,GSL_2017_11.tif
0.702413,0.6077634,0.61370164,-0.004861561,0.64129275,0,GSL_2017_11.tif
0.69669914,0.6458088,0.672277,-0.02008074,0.6715949,0,GSL_2017_11.tif
0.21543038,0.2312493,0.27712595,-0.09024152,0.24126856,1,GSL_2023_07.tif
0.20307425,0.20540418,0.2686632,-0.13343859,0.2257139,1,GSL_2023_07.tif
0.14991556,0.1798006,0.25596902,-0.17479016,0.1952284,1,GSL_2023_07.tif
0.13959348,0.15802722,0.24210119,-0.21011695,0.1799073,1,GSL_2023_07.tif
0.15489444,0.19608751,0.26335078,-0.14640296,0.20477758,1,GSL_2023_07.tif
0.21160513,0.21206386,0.28138822,-0.14048825,0.23501907,1,GSL_2023_07.tif
0.19454335,0.19253337,0.257606,-0.14456074,0.21489424,1,GSL_2023_07.tif
0.15106921,0.17728165,0.25569105,-0.18109506,0.19468063,1,GSL_2023_07.tif
0.1401703,0.15219566,0.23953766,-0.22296232,0.17730121,1,GSL_2023_07.tif
0.15556234,0.18583918,0.256247,-0.15926233,0.19921617,1,GSL_2023_07.tif
0.34919232,0.3269349,0.3626185,-0.051748786,0.34624854,1,GSL_2023_07.tif
0.18249081,0.19722621,0.27073255,-0.15707834,0.21681653,1,GSL_2023_07.tif
0.17869593,0.19481078,0.25711182,-0.13785745,0.21020617,1,GSL_2023_07.tif
0.14691001,0.1630651,0.25488803,-0.21969616,0.18828772,1,GSL_2023_07.tif
0.16606657,0.18162943,0.26186827,-0.18092236,0.2031881,1,GSL_2023_07.tif
0.30829868,0.3554025,0.43019715,-0.09520696,0.36463276,1,GSL_2023_07.tif
0.26679787,0.29763916,0.3128302,-0.02488417,0.2924224,1,GSL_2023_07.tif
0.18261226,0.2049211,0.27542722,-0.14678094,0.22098686,1,GSL_2023_07.tif
0.1690114,0.18697788,0.25742066,-0.15851228,0.20446998,1,GSL_2023_07.tif
0.15349793,0.17396906,0.25389966,-0.1868106,0.19378889,1,GSL_2023_07.tif
0.35477838,0.37369075,0.3650894,0.011642646,0.3645195,1,GSL_2023_07.tif
0.31446156,0.34643087,0.3787719,-0.044595785,0.3465548,1,GSL_2023_07.tif
0.22429521,0.2537128,0.28527987,-0.058566675,0.25442928,1,GSL_2023_07.tif
0.17280628,0.19522485,0.25705004,-0.13669795,0.20836039,1,GSL_2023_07.tif
0.15950902,0.16744739,0.24818574,-0.1942534,0.19171405,1,GSL_2023_07.tif
0.5610267,0.4857423,0.4646535,0.022189477,0.5038075,0,GSL_2012_09.tif
0.53274584,0.45076603,0.41899663,0.036526468,0.46750283,0,GSL_2012_09.tif
0.5305587,0.45451605,0.43069136,0.026914217,0.47192204,0,GSL_2012_09.tif
0.47348052,0.417196,0.39521882,0.027051646,0.42863178,0,GSL_2012_09.tif
0.42512053,0.37547687,0.36872232,0.009076251,0.38977322,0,GSL_2012_09.tif
0.5904315,0.5382067,0.5298159,0.007856366,0.55281806,0,GSL_2012_09.tif
0.5680741,0.51231706,0.50167954,0.010490678,0.5273569,0,GSL_2012_09.tif
0.5483292,0.4940717,0.4747515,0.019941894,0.50571746,0,GSL_2012_09.tif
0.45416084,0.4068113,0.40203714,0.0059024002,0.4210031,0,GSL_2012_09.tif
0.47609293,0.43767697,0.44851393,-0.012228682,0.45409462,0,GSL_2012_09.tif
0.63453877,0.604914,0.6061983,-0.0010604304,0.61521703,0,GSL_2012_09.tif
0.6392168,0.58775043,0.5705532,0.014846916,0.5991735,0,GSL_2012_09.tif
0.44273913,0.3983016,0.40725878,-0.011119175,0.41609982,0,GSL_2012_09.tif
0.43362606,0.39527273,0.41347295,-0.022504227,0.41412392,0,GSL_2012_09.tif
0.49346852,0.46731663,0.48148352,-0.01493136,0.4807562,0,GSL_2012_09.tif
0.63873076,0.6057794,0.60688883,-0.000914859,0.61713296,0,GSL_2012_09.tif
0.62812924,0.573796,0.5612751,0.011030886,0.58773345,0,GSL_2012_09.tif
0.4593249,0.41914314,0.41062477,0.010265952,0.4296976,0,GSL_2012_09.tif
0.58447766,0.55428857,0.55743444,-0.0028297256,0.5654002,0,GSL_2012_09.tif
0.49416718,0.467533,0.47703865,-0.01006345,0.4795796,0,GSL_2012_09.tif
0.64857286,0.6043371,0.5956688,0.007223545,0.6161929,0,GSL_2012_09.tif
0.6493323,0.6026063,0.58509606,0.014742936,0.6123449,0,GSL_2012_09.tif
0.508657,0.4733744,0.46957302,0.004031372,0.48386812,0,GSL_2012_09.tif
0.5895202,0.5598415,0.5725814,-0.011250113,0.57398105,0,GSL_2012_09.tif
0.5238454,0.5010669,0.4846769,0.016627047,0.5031964,0,GSL_2012_09.tif
0.57366776,0.51744825,0.52501917,-0.0072624963,0.5387117,0,GSL_1998_09.tif
0.58676285,0.5330093,0.5178759,0.01440059,0.5458827,0,GSL_1998_09.tif
0.4698393,0.39786112,0.38986924,0.010145439,0.4191899,0,GSL_1998_09.tif
0.49440786,0.42346314,0.44621503,-0.026161255,0.45469534,0,GSL_1998_09.tif
0.51962507,0.46219927,0.47295928,-0.011506068,0.4849279,0,GSL_1998_09.tif
0.55501837,0.4968429,0.4999321,-0.003099211,0.5172644,0,GSL_1998_09.tif
0.55635625,0.4957008,0.47478795,0.021548765,0.5089483,0,GSL_1998_09.tif
0.54370713,0.48542193,0.49593192,-0.010709681,0.50835365,0,GSL_1998_09.tif
0.5599645,0.516782,0.5145043,0.0022085723,0.5304169,0,GSL_1998_09.tif
0.53000385,0.47757,0.47267357,0.005152812,0.49341583,0,GSL_1998_09.tif
0.5623565,0.4983657,0.49376038,0.004641868,0.5181609,0,GSL_1998_09.tif
0.61656135,0.5555657,0.55073476,0.0043667634,0.57428724,0,GSL_1998_09.tif
0.5576536,0.5073597,0.52890503,-0.02079134,0.5313061,0,GSL_1998_09.tif
0.6031419,0.54842764,0.5485061,-7.15081e-05,0.5666919,0,GSL_1998_09.tif
0.5065705,0.4507783,0.44010043,0.011985764,0.4658164,0,GSL_1998_09.tif
0.5090841,0.44278362,0.44187194,0.00103055,0.4645799,0,GSL_1998_09.tif
0.5362474,0.48342326,0.4962748,-0.0131178405,0.5053151,0,GSL_1998_09.tif
0.581087,0.5283933,0.5344482,-0.0056968727,0.5479762,0,GSL_1998_09.tif
0.5735461,0.53881496,0.5423343,-0.0032551961,0.5515652,0,GSL_1998_09.tif
0.5227468,0.47918797,0.46890193,0.010849206,0.49027887,0,GSL_1998_09.tif
0.52197653,0.45848745,0.45924428,-0.00082467357,0.47990274,0,GSL_1998_09.tif
0.5720055,0.50912046,0.48804578,0.02113455,0.5230573,0,GSL_1998_09.tif
0.5966146,0.5383391,0.52587634,0.0117107155,0.55361,0,GSL_1998_09.tif
0.5525453,0.5134033,0.51044697,0.0028874616,0.5254652,0,GSL_1998_09.tif
0.56045103,0.50897765,0.5054753,0.0034524673,0.52496797,0,GSL_1998_09.tif
0.032689102,0.041317638,0.05531345,-0.14483607,0.04310673,1,GSL_1986_12.tif
0.041915145,0.038272753,0.061988484,-0.23653701,0.04739213,1,GSL_1986_12.tif
0.039627086,0.034987483,0.057998806,-0.24746741,0.04420446,1,GSL_1986_12.tif
0.018739326,0.01868132,0.023741312,-0.119272985,0.02038732,1,GSL_1986_12.tif
0.016082225,0.019602798,0.026311582,-0.14611192,0.020665536,1,GSL_1986_12.tif
0.030327236,0.04768786,0.059610024,-0.111111745,0.04587504,1,GSL_1986_12.tif
0.03497716,0.03378555,0.051400498,-0.20677963,0.040054403,1,GSL_1986_12.tif
0.020953577,0.016798299,0.024470195,-0.18589753,0.02074069,1,GSL_1986_12.tif
0.013203701,0.0154761765,0.02339605,-0.20373596,0.017358644,1,GSL_1986_12.tif
0.037302125,0.038753524,0.05769191,-0.19636169,0.04458252,1,GSL_1986_12.tif
0.038446154,0.04508368,0.054699652,-0.09636756,0.046076495,1,GSL_1986_12.tif
0.025972543,0.01663804,0.029802548,-0.28346378,0.024137711,1,GSL_1986_12.tif
0.030290332,0.02056434,0.03187411,-0.21567293,0.02757626,1,GSL_1986_12.tif
0.028039178,0.0027757997,0.012347721,-0.63287437,0.014387566,1,GSL_1986_12.tif
0.045384135,0.026333597,0.06260228,-0.40780252,0.04477334,1,GSL_1986_12.tif
0.044277012,0.03683044,0.06229538,-0.25689256,0.047800943,1,GSL_1986_12.tif
0.038446154,0.028737454,0.06283245,-0.3723344,0.043338686,1,GSL_1986_12.tif
0.03497716,0.019562734,0.043152615,-0.37613606,0.03256417,1,GSL_1986_12.tif
0.02789156,0.018881641,0.02849823,-0.20296353,0.025090478,1,GSL_1986_12.tif
0.04372345,0.034266323,0.06060744,-0.27764094,0.046199072,1,GSL_1986_12.tif
0.036158096,0.030740667,0.05462293,-0.27976778,0.04050723,1,GSL_1986_12.tif
0.018038146,0.01840087,0.026158134,-0.1740858,0.020865716,1,GSL_1986_12.tif
0.02010478,0.013152448,0.025544338,-0.32022217,0.019600524,1,GSL_1986_12.tif
0.0003610495,0.0016539999,0.0,0.9993958,0.0006716831,1,GSL_1986_12.tif
0.0002122595,0.0,0.0,0.0,7.0753165e-05,1,GSL_2020_02.tif
0.002488466,0.0016977843,0.007965666,-0.6485503,0.004050639,1,GSL_2020_02.tif
0.007169116,0.003823712,0.0,0.9997385,0.0036642759,1,GSL_2020_02.tif
0.0040433393,0.002694313,0.0,0.99962896,0.0022458842,1,GSL_2020_02.tif
0.0002122595,0.0,0.0,0.0,7.0753165e-05,1,GSL_2020_02.tif
0.0015587478,0.0023953544,0.0035652928,-0.19624417,0.002506465,1,GSL_2020_02.tif
0.0015427181,0.0,0.0,0.0,0.00051423936,1,GSL_2020_02.tif
0.0037067172,0.00189709,0.0,0.99947315,0.0018679356,1,GSL_2020_02.tif
0.00043667422,0.0,0.0,0.0,0.00014555808,1,GSL_2020_02.tif
0.00064505934,0.0,0.00036768834,-0.9972877,0.00033758255,1,GSL_2020_02.tif
0.0010457999,0.0010666496,0.0024358637,-0.39081174,0.0015161043,1,GSL_2020_02.tif
0.00038858535,0.00026942676,0.0,0.9963021,0.00021933737,1,GSL_2020_02.tif
0.0032258285,0.003823712,0.0,0.9997385,0.0023498468,1,GSL_2020_02.tif
0.0016869848,0.001647958,0.0,0.9993935,0.0011116476,1,GSL_2020_02.tif
0.0014946293,0.0001365563,0.0,0.9927303,0.0005437285,1,GSL_2020_02.tif
0.0008213852,0.0,0.0,0.0,0.00027379507,1,GSL_2020_02.tif
0.5408355,0.47244498,0.42605132,0.05163473,0.47977725,0,GSL_2021_12.tif
0.5322183,0.46301943,0.42033154,0.048324898,0.47185645,0,GSL_2021_12.tif
0.5668028,0.5041323,0.45618132,0.049932547,0.50903875,0,GSL_2021_12.tif
0.5750152,0.5096512,0.45782793,0.053565193,0.51416475,0,GSL_2021_12.tif
0.55569875,0.48903275,0.4436729,0.04863249,0.4961348,0,GSL_2021_12.tif
0.5253361,0.4551751,0.41016304,0.052016664,0.46355808,0,GSL_2021_12.tif
0.5585904,0.49210227,0.44595504,0.04919441,0.49888256,0,GSL_2021_12.tif
0.56145316,0.496443,0.449826,0.04926395,0.502574,0,GSL_2021_12.tif
0.5705041,0.5042253,0.45658576,0.049582586,0.5104384,0,GSL_2021_12.tif
0.58516496,0.5235105,0.4768939,0.046597727,0.52852315,0,GSL_2021_12.tif
0.55587226,0.49024194,0.44381735,0.04970193,0.49664387,0,GSL_2021_12.tif
0.58259135,0.5221773,0.4710008,0.051527955,0.52525645,0,GSL_2021_12.tif
0.5687113,0.5050314,0.4617278,0.044792503,0.5118235,0,GSL_2021_12.tif
0.5705909,0.50710875,0.45849234,0.050348286,0.512064,0,GSL_2021_12.tif
0.5936954,0.5320369,0.47940713,0.052034236,0.5350465,0,GSL_2021_12.tif
0.56954986,0.5081319,0.4595612,0.050192226,0.5124143,0,GSL_2021_12.tif
0.5857144,0.526549,0.47579616,0.05063403,0.52935314,0,GSL_2021_12.tif
0.58507824,0.526394,0.4813715,0.044675544,0.5309479,0,GSL_2021_12.tif
0.5854831,0.5199759,0.47180963,0.048565164,0.5257562,0,GSL_2021_12.tif
0.59543043,0.5348584,0.48561803,0.0482523,0.5386357,0,GSL_2021_12.tif
0.56587744,0.50252,0.45465028,0.050011676,0.50768256,0,GSL_2021_12.tif
0.5821287,0.52196026,0.4718963,0.050373383,0.5253284,0,GSL_2021_12.tif
0.5982643,0.53643966,0.4861669,0.049161345,0.5402903,0,GSL_2021_12.tif
0.59681845,0.53767985,0.49283996,0.04351187,0.5424461,0,GSL_2021_12.tif
0.58614814,0.52611494,0.48319143,0.042527687,0.5318182,0,GSL_2021_12.tif
0.22174981,0.1628896,0.12751642,0.12180553,0.17071861,0,GSL_2008_01.tif
0.22174981,0.1628896,0.12751642,0.12180553,0.17071861,0,GSL_2008_01.tif
0.30675843,0.2800218,0.23592022,0.0854776,0.27423346,0,GSL_2008_01.tif
0.17114685,0.1003164,0.066505596,0.20267472,0.11265627,0,GSL_2008_01.tif
0.1856761,0.1141808,0.0744724,0.2104825,0.12477643,0,GSL_2008_01.tif
0.22533536,0.16520034,0.13296355,0.108117305,0.17449975,0,GSL_2008_01.tif
0.21995704,0.15962523,0.12138475,0.13608181,0.16698901,0,GSL_2008_01.tif
0.23559314,0.17796439,0.13730378,0.12897107,0.18362044,0,GSL_2008_01.tif
0.26087904,0.19986135,0.1512566,0.13842812,0.203999,0,GSL_2008_01.tif
0.23882012,0.1750668,0.12721056,0.15831845,0.18036582,0,GSL_2008_01.tif
0.25529805,0.19626686,0.14548905,0.14857872,0.199018,0,GSL_2008_01.tif
0.23288059,0.171509,0.131711,0.13125077,0.17870021,0,GSL_2008_01.tif
0.24293572,0.18282427,0.13890588,0.13650648,0.18822195,0,GSL_2008_01.tif
0.25135395,0.18819764,0.13294898,0.1720351,0.19083352,0,GSL_2008_01.tif
0.23085397,0.16879481,0.123467475,0.15509075,0.17437208,0,GSL_2008_01.tif
0.23897602,0.17514016,0.12292859,0.1751656,0.17901492,0,GSL_2008_01.tif
0.22820379,0.16316469,0.116724096,0.16592458,0.1693642,0,GSL_2008_01.tif
0.26462045,0.20374924,0.15186831,0.14588925,0.206746,0,GSL_2008_01.tif
0.29636034,0.24178465,0.17997785,0.14654373,0.23937428,0,GSL_2008_01.tif
0.2553604,0.20804061,0.16209261,0.12413874,0.20849788,0,GSL_2008_01.tif
0.26242238,0.19468969,0.1364299,0.17594732,0.19784732,0,GSL_2008_01.tif
0.22938858,0.15746121,0.106077425,0.19497554,0.16430907,0,GSL_2008_01.tif
0.22530417,0.15386674,0.10068855,0.20890543,0.15995316,0,GSL_2008_01.tif
0.2314152,0.16888651,0.11933115,0.17193668,0.17321096,0,GSL_2008_01.tif
0.21467225,0.14554076,0.09914471,0.18961427,0.15311925,0,GSL_2008_01.tif
0.12945908,0.089682944,0.117980406,-0.13626538,0.11237415,0,GSL_2017_01.tif
0.11675955,0.061216917,0.091164485,-0.19652905,0.089713655,0,GSL_2017_01.tif
0.06664612,0.024813248,0.06139819,-0.4243581,0.05095252,0,GSL_2017_01.tif
0.08056833,0.036634177,0.07204115,-0.32580206,0.06308121,0,GSL_2017_01.tif
0.07562872,0.031604722,0.07012572,-0.37865382,0.05911972,0,GSL_2017_01.tif
0.100310475,0.050046057,0.080351606,-0.23240691,0.07690271,0,GSL_2017_01.tif
0.13373029,0.07043759,0.0979148,-0.16321151,0.10069423,0,GSL_2017_01.tif
0.08128563,0.033777308,0.06973955,-0.34740132,0.061600834,0,GSL_2017_01.tif
0.0650811,0.023872362,0.061367296,-0.43987152,0.050106917,0,GSL_2017_01.tif
0.07536788,0.032220572,0.066804625,-0.34924147,0.058131028,0,GSL_2017_01.tif
0.100897364,0.049310453,0.08259142,-0.2523142,0.07759974,0,GSL_2017_01.tif
0.14634831,0.07864894,0.101730205,-0.12795901,0.10890915,0,GSL_2017_01.tif
0.12949169,0.07296942,0.097760335,-0.14520472,0.100073814,0,GSL_2017_01.tif
0.07650904,0.03234032,0.07153139,-0.37729898,0.06012692,0,GSL_2017_01.tif
0.08609483,0.042211056,0.07151595,-0.25767526,0.066607274,0,GSL_2017_01.tif
0.1310078,0.06764915,0.09476362,-0.1669469,0.09780685,0,GSL_2017_01.tif
0.11855281,0.061165597,0.08894012,-0.18503186,0.08955284,0,GSL_2017_01.tif
0.090496466,0.040363498,0.07418827,-0.2952768,0.06834941,0,GSL_2017_01.tif
0.08333973,0.032973282,0.068241194,-0.34844387,0.06151807,0,GSL_2017_01.tif
0.0921593,0.044982385,0.07408015,-0.24438855,0.07040728,0,GSL_2017_01.tif
0.14315306,0.07392741,0.10066436,-0.15313894,0.10591495,0,GSL_2017_01.tif
0.13925679,0.07639082,0.09819285,-0.124879405,0.10461348,0,GSL_2017_01.tif
0.1081193,0.055109724,0.08467676,-0.21151417,0.08263526,0,GSL_2017_01.tif
0.087692454,0.03832777,0.07204115,-0.30545804,0.06602046,0,GSL_2017_01.tif
0.09233863,0.04474289,0.07472891,-0.2509862,0.07060348,0,GSL_2017_01.tif
0.006936541,0.06043774,0.10799463,-0.2823484,0.0584563,1,GSL_1985_08.tif
0.0010354382,0.056960702,0.103975214,-0.29213008,0.05399045,1,GSL_1985_08.tif
0.0039476706,0.057047628,0.101563565,-0.280659,0.05418629,1,GSL_1985_08.tif
0.0034112066,0.053657517,0.09874997,-0.29586577,0.051939566,1,GSL_1985_08.tif
0.006936541,0.058438443,0.10678881,-0.29262772,0.05738793,1,GSL_1985_08.tif
0.005710338,0.056873776,0.10437716,-0.2945911,0.055653755,1,GSL_1985_08.tif
0.0039476706,0.056873776,0.09593638,-0.25562665,0.05225261,1,GSL_1985_08.tif
0.0004223366,0.057743035,0.092720844,-0.23246494,0.05029541,1,GSL_1985_08.tif
0.0027981051,0.059829257,0.103171326,-0.2658997,0.05526623,1,GSL_1985_08.tif
0.006323439,0.05913385,0.10035774,-0.258469,0.05527168,1,GSL_1985_08.tif
0.0027981051,0.060524665,0.094730556,-0.22031896,0.052684445,1,GSL_1985_08.tif
0.0027981051,0.061828554,0.094730556,-0.21015573,0.053119075,1,GSL_1985_08.tif
0.0010354382,0.059829257,0.0951325,-0.22781758,0.051999066,1,GSL_1985_08.tif
0.0051738736,0.05974233,0.10598492,-0.27902657,0.056967046,1,GSL_1985_08.tif
0.0051738736,0.057047628,0.0999558,-0.27329272,0.054059103,1,GSL_1985_08.tif
0.0045607723,0.05913385,0.09432861,-0.22933641,0.052674413,1,GSL_1985_08.tif
0.0021850036,0.05913385,0.09834803,-0.24900599,0.053222295,1,GSL_1985_08.tif
0.006323439,0.057743035,0.097946085,-0.2582248,0.05400419,1,GSL_1985_08.tif
0.007549642,0.06043774,0.095835894,-0.22651249,0.05460776,1,GSL_1985_08.tif
0.0045607723,0.06043774,0.09352473,-0.2149016,0.05284108,1,GSL_1985_08.tif
0.0027981051,0.059829257,0.096338324,-0.23377985,0.052988563,1,GSL_1985_08.tif
0.25714865,0.13718002,0.16724204,-0.09875079,0.18719023,0,GSL_2004_04.tif
0.30412233,0.19127154,0.20684433,-0.039116114,0.2340794,0,GSL_2004_04.tif
0.31049395,0.19159937,0.21552429,-0.05876558,0.23920588,0,GSL_2004_04.tif
0.31151068,0.20602378,0.23369795,-0.062935494,0.2504108,0,GSL_2004_04.tif
0.2990386,0.1860263,0.22257675,-0.08945198,0.23588055,0,GSL_2004_04.tif
0.30480015,0.18897675,0.19689855,-0.020529376,0.23022515,0,GSL_2004_04.tif
0.29802185,0.18274803,0.20250435,-0.051281355,0.2277581,0,GSL_2004_04.tif
0.30100432,0.19864766,0.21914093,-0.04905165,0.23959763,0,GSL_2004_04.tif
0.30602026,0.19864766,0.21914093,-0.04905165,0.24126963,0,GSL_2004_04.tif
0.3158149,0.20430268,0.22330008,-0.04442758,0.2478059,0,GSL_2004_04.tif
0.22671406,0.12832868,0.15928541,-0.10763249,0.17144273,0,GSL_2004_04.tif
0.31656054,0.18537065,0.20259477,-0.044395894,0.23484199,0,GSL_2004_04.tif
0.3122563,0.18291195,0.20345372,-0.053166524,0.23287399,0,GSL_2004_04.tif
0.30815542,0.18336271,0.20797454,-0.06289145,0.23316424,0,GSL_2004_04.tif
0.24752346,0.14398244,0.16688037,-0.07365903,0.18612875,0,GSL_2004_04.tif
0.28517696,0.17356886,0.1943669,-0.05652613,0.21770425,0,GSL_2004_04.tif
0.25887713,0.14095004,0.16439392,-0.07677833,0.1880737,0,GSL_2004_04.tif
0.25199714,0.13734394,0.16000873,-0.07622164,0.1831166,0,GSL_2004_04.tif
0.25159046,0.131525,0.16073206,-0.09993587,0.18128252,0,GSL_2004_04.tif
0.248608,0.14426929,0.17601241,-0.09910971,0.1896299,0,GSL_2004_04.tif
0.35617974,0.2597055,0.27899647,-0.035809997,0.29829392,0,GSL_2004_04.tif
0.38125947,0.28683323,0.29888803,-0.020581087,0.3223269,0,GSL_2004_04.tif
0.35997558,0.25159177,0.2651628,-0.026261978,0.2922434,0,GSL_2004_04.tif
0.33692935,0.22454603,0.25765824,-0.06866829,0.27304456,0,GSL_2004_04.tif
0.33557367,0.23393008,0.26828215,-0.06840135,0.27926198,0,GSL_2004_04.tif
0.20719114,0.15581034,0.13208354,0.08241482,0.16502835,0,GSL_1997_08.tif
0.2209366,0.16395642,0.14956857,0.04589044,0.17815387,0,GSL_1997_08.tif
0.20359021,0.14002158,0.12505831,0.056447934,0.15622337,0,GSL_1997_08.tif
0.16130838,0.07782763,0.07811931,-0.0018703379,0.105751775,0,GSL_1997_08.tif
0.18628255,0.106933855,0.11480666,-0.035504427,0.13600768,0,GSL_1997_08.tif
0.18283649,0.115446046,0.10668861,0.039423816,0.13499038,0,GSL_1997_08.tif
0.19178073,0.1179631,0.11069559,0.031783063,0.14014648,0,GSL_1997_08.tif
0.16986541,0.0960419,0.0890995,0.03749766,0.118335605,0,GSL_1997_08.tif
0.19178073,0.12057167,0.11751268,0.012848302,0.14328836,0,GSL_1997_08.tif
0.2088948,0.1678464,0.14488508,0.0734216,0.17387544,0,GSL_1997_08.tif
0.18434656,0.12729906,0.09805017,0.12979302,0.13656525,0,GSL_1997_08.tif
0.16239253,0.08487537,0.07244708,0.07899835,0.10657165,0,GSL_1997_08.tif
0.20498411,0.14912872,0.13083461,0.06534444,0.16164915,0,GSL_1997_08.tif
0.24819522,0.21859923,0.18807729,0.075051956,0.21829058,0,GSL_1997_08.tif
0.22964852,0.20235284,0.16346294,0.10630978,0.1984881,0,GSL_1997_08.tif
0.24989888,0.21896534,0.1698637,0.12628046,0.2129093,0,GSL_1997_08.tif
0.19460726,0.13649772,0.10752123,0.118746415,0.14620873,0,GSL_1997_08.tif
0.2238793,0.17924176,0.15300314,0.078973494,0.18537474,0,GSL_1997_08.tif
0.23162322,0.20047648,0.17028002,0.0814453,0.20079325,0,GSL_1997_08.tif
0.23022932,0.20047648,0.2019196,-0.0035863027,0.21087514,0,GSL_1997_08.tif
0.23743117,0.21242101,0.167574,0.118019685,0.20580871,0,GSL_1997_08.tif
0.18550815,0.13311115,0.1069488,0.108982116,0.14185603,0,GSL_1997_08.tif
0.19960208,0.15347634,0.11803307,0.13054113,0.15703715,0,GSL_1997_08.tif
0.18848956,0.13370608,0.10616822,0.11480073,0.14278795,0,GSL_1997_08.tif
0.1921292,0.140525,0.08337523,0.25524545,0.13867648,0,GSL_1997_08.tif
0.35345367,0.3121787,0.21721123,0.17939006,0.2942812,0,GSL_1995_12.tif
0.35676113,0.3165319,0.21819547,0.18389979,0.2971628,0,GSL_1995_12.tif
0.34939933,0.3056489,0.21819547,0.16694511,0.29108122,0,GSL_1995_12.tif
0.43459362,0.39265704,0.26823676,0.18826035,0.36516246,0,GSL_1995_12.tif
0.45998654,0.42307362,0.2915479,0.18404922,0.39153603,0,GSL_1995_12.tif
0.36001527,0.3241779,0.22897041,0.17211896,0.30438784,0,GSL_1995_12.tif
0.36743042,0.32641032,0.22746813,0.17863488,0.30710295,0,GSL_1995_12.tif
0.35185325,0.3177039,0.2186617,0.18465392,0.29607296,0,GSL_1995_12.tif
0.3436379,0.31223452,0.21622698,0.18167332,0.2906998,0,GSL_1995_12.tif
0.3649765,0.33076352,0.22990285,0.17989394,0.30854762,0,GSL_1995_12.tif
0.34358457,0.3056489,0.2206302,0.16154647,0.28995454,0,GSL_1995_12.tif
0.3682306,0.33182392,0.23042087,0.18035358,0.31015846,0,GSL_1995_12.tif
0.36663023,0.3252941,0.23233758,0.16669849,0.30808732,0,GSL_1995_12.tif
0.33873004,0.3144111,0.22016397,0.17630255,0.29110172,0,GSL_1995_12.tif
0.34859914,0.3144111,0.21912792,0.17858674,0.29404607,0,GSL_1995_12.tif
0.37068456,0.3252941,0.23036908,0.17083165,0.30878258,0,GSL_1995_12.tif
0.36332273,0.3296473,0.23430607,0.16905841,0.30909204,0,GSL_1995_12.tif
0.35921508,0.3242337,0.23135333,0.1671749,0.30493405,0,GSL_1995_12.tif
0.35019952,0.3176481,0.22990285,0.16025011,0.29925016,0,GSL_1995_12.tif
0.36092216,0.33076352,0.23575655,0.16770244,0.30914742,0,GSL_1995_12.tif
0.39613083,0.3535899,0.24891439,0.17373376,0.33287835,0,GSL_1995_12.tif
0.3920765,0.3525295,0.23772503,0.19449958,0.3274437,0,GSL_1995_12.tif
0.3756458,0.3416465,0.23674078,0.18137592,0.31801102,0,GSL_1995_12.tif
0.3608688,0.3296473,0.23233758,0.17315331,0.3076179,0,GSL_1995_12.tif
0.8421873,0.8599561,0.7757982,0.051448945,0.8259805,0,GSL_1995_12.tif
